{"stats":{"minecraft:killed":{"minecraft:villager":6},"minecraft:crafted":{"minecraft:netherite_helmet":1,"minecraft:air":0},"minecraft:custom":{"minecraft:open_barrel":2,"minecraft:time_since_rest":38718,"minecraft:open_chest":1,"minecraft:interact_with_smithing_table":2,"minecraft:crouch_one_cm":2983,"minecraft:play_time":38718,"minecraft:sprint_one_cm":32324,"minecraft:damage_taken":70,"minecraft:walk_one_cm":36440,"minecraft:sneak_time":1352,"minecraft:walk_under_water_one_cm":3162,"minecraft:mob_kills":6,"minecraft:jump":114,"minecraft:inspect_hopper":9,"minecraft:damage_dealt":1160,"minecraft:leave_game":1,"minecraft:time_since_death":38718,"minecraft:walk_on_water_one_cm":1366,"minecraft:total_world_time":38718,"minecraft:talked_to_villager":3,"minecraft:swim_one_cm":4231,"minecraft:fly_one_cm":24510,"minecraft:fall_one_cm":601},"minecraft:mined":{"minecraft:grass":7,"minecraft:tall_grass":2,"promenade:blueberry_bush":5,"minecraft:oak_leaves":1,"minecraft:fern":3},"minecraft:picked_up":{"minecraft:netherite_ingot":83316,"promenade:blueberries":7},"minecraft:used":{"minecraft:netherite_block":4,"minecraft:netherite_sword":12,"minecraft:hopper":14,"netherchested:nether_chest":33,"archers:netherite_heavy_crossbow":3,"minecraft:smithing_table":1,"promenade:blueberries":5}},"DataVersion":3465}