{"stats":{"minecraft:custom":{"minecraft:jump":43,"minecraft:open_chest":1,"minecraft:time_since_rest":14718,"minecraft:damage_taken":60,"minecraft:sprint_one_cm":19017,"minecraft:leave_game":1,"minecraft:play_time":14718,"minecraft:walk_on_water_one_cm":1366,"minecraft:time_since_death":14718,"minecraft:walk_one_cm":8525,"minecraft:sneak_time":9,"minecraft:total_world_time":14718,"minecraft:walk_under_water_one_cm":3162,"minecraft:swim_one_cm":4231,"minecraft:fall_one_cm":269,"minecraft:fly_one_cm":15064,"minecraft:open_barrel":1},"minecraft:mined":{"minecraft:tall_grass":2,"minecraft:grass":7,"promenade:blueberry_bush":5,"minecraft:oak_leaves":1,"minecraft:fern":3},"minecraft:picked_up":{"promenade:blueberries":7},"minecraft:used":{"promenade:blueberries":5}},"DataVersion":3465}