{"stats":{"minecraft:killed":{"minecraft:villager":6},"minecraft:crafted":{"minecraft:netherite_helmet":1,"minecraft:air":0},"minecraft:custom":{"minecraft:open_barrel":2,"minecraft:time_since_rest":26718,"minecraft:open_chest":1,"minecraft:interact_with_smithing_table":2,"minecraft:play_time":26718,"minecraft:sprint_one_cm":29581,"minecraft:damage_taken":70,"minecraft:walk_one_cm":24893,"minecraft:sneak_time":9,"minecraft:walk_under_water_one_cm":3162,"minecraft:mob_kills":6,"minecraft:jump":89,"minecraft:damage_dealt":1160,"minecraft:leave_game":1,"minecraft:time_since_death":26718,"minecraft:walk_on_water_one_cm":1366,"minecraft:total_world_time":26718,"minecraft:talked_to_villager":3,"minecraft:swim_one_cm":4231,"minecraft:fly_one_cm":23349,"minecraft:fall_one_cm":601},"minecraft:mined":{"minecraft:grass":7,"minecraft:tall_grass":2,"promenade:blueberry_bush":5,"minecraft:oak_leaves":1,"minecraft:fern":3},"minecraft:picked_up":{"promenade:blueberries":7},"minecraft:used":{"minecraft:netherite_sword":12,"archers:netherite_heavy_crossbow":3,"minecraft:smithing_table":1,"promenade:blueberries":5}},"DataVersion":3465}